,Name,Team,GP,MPG,ORPM,DRPM,RPM,WINS
0,"LeBron James, SF",MIA,77,37.7,8.65,0.43,9.08,19.87
1,"Chris Paul, PG",LAC,62,35.0,6.03,1.95,7.98,14.47
2,"Andre Iguodala, SF",GS,63,32.4,1.89,4.74,6.63,11.47
3,"Kevin Durant, SF",OKC,81,38.5,6.27,0.15,6.42,17.63
4,"Dirk Nowitzki, PF",DAL,80,32.9,4.56,1.79,6.35,14.05
5,"Stephen Curry, PG",GS,78,36.5,6.62,-0.38,6.24,15.48
6,"Nick Collison, PF",OKC,81,16.7,2.08,3.64,5.72,6.90
7,"Manu Ginobili, SG",SA,68,22.8,5.07,0.35,5.42,7.68
8,"Tim Duncan, C",SA,74,29.2,-0.05,5.38,5.33,10.39
9,"LaMarcus Aldridge, PF",POR,69,36.2,1.89,3.23,5.12,11.64
10,"Channing Frye, PF",PHX,82,28.2,3.92,1.17,5.09,10.83
11,"Kevin Love, PF",MIN,77,36.3,3.52,1.54,5.06,13.52
12,"Russell Westbrook, PG",OKC,46,30.7,4.82,0.23,5.05,6.89
13,"Mike Conley, PG",MEM,73,33.5,4.28,0.42,4.70,10.24
14,"Blake Griffin, PF",LAC,80,35.8,2.65,2.00,4.65,12.79
15,"Amir Johnson, PF",TOR,77,28.8,1.47,3.14,4.61,9.22
16,"Joakim Noah, C",CHI,80,35.3,0.65,3.92,4.57,11.30
17,"Vince Carter, SG",DAL,81,24.4,2.02,2.46,4.48,8.35
18,"Serge Ibaka, PF",OKC,81,32.9,1.23,3.23,4.46,11.63
19,"Patrick Beverley, PG",HOU,56,31.3,2.98,1.29,4.27,7.27
20,"Kyle Lowry, PG",TOR,79,36.2,3.84,0.41,4.25,11.56
21,"Dwight Howard, C",HOU,71,33.7,-0.67,4.91,4.24,9.86
22,"Taj Gibson, PF",CHI,82,28.7,0.56,3.64,4.20,8.84
23,"Marcin Gortat, C",WSH,81,32.8,0.12,4.00,4.12,10.37
24,"Eric Bledsoe, PG",PHX,43,32.9,0.11,3.97,4.08,5.79
25,"Anderson Varejao, C",CLE,65,27.7,0.47,3.59,4.06,6.88
26,"Chris Andersen, PF",MIA,72,19.4,0.19,3.81,4.00,5.17
27,"Patty Mills, PG",SA,81,18.9,3.42,0.58,4.00,6.07
28,"Ricky Rubio, PG",MIN,82,32.2,1.43,2.47,3.90,10.76
29,"Kevin Garnett, PF",BKN,54,20.5,-2.78,6.60,3.82,4.02
30,"Tyson Chandler, C",NY,55,30.2,-0.08,3.75,3.67,5.80
31,"David West, PF",IND,80,30.9,1.23,2.37,3.60,8.87
32,"Marc Gasol, C",MEM,59,33.4,-1.64,5.23,3.59,6.87
33,"DeAndre Jordan, C",LAC,82,35.0,0.19,3.37,3.56,10.85
34,"Tiago Splitter, C",SA,59,21.5,-1.01,4.53,3.52,4.70
35,"Danny Green, SG",SA,68,24.3,0.79,2.72,3.51,6.13
36,"Nikola Pekovic, C",MIN,54,30.8,1.31,2.19,3.50,6.37
37,"Draymond Green, PF",GS,82,21.9,-0.49,3.99,3.50,6.54
38,"Goran Dragic, PG",PHX,76,35.1,4.57,-1.14,3.43,9.73
39,"Ty Lawson, PG",DEN,62,35.8,4.38,-1.08,3.30,8.32
40,"LeBron James, SF",MIA,77,37.7,8.65,0.43,9.08,19.87
41,"Chris Paul, PG",LAC,62,35.0,6.03,1.95,7.98,14.47
42,"Andre Iguodala, SF",GS,63,32.4,1.89,4.74,6.63,11.47
43,"Kevin Durant, SF",OKC,81,38.5,6.27,0.15,6.42,17.63
44,"Dirk Nowitzki, PF",DAL,80,32.9,4.56,1.79,6.35,14.05
45,"Stephen Curry, PG",GS,78,36.5,6.62,-0.38,6.24,15.48
46,"Nick Collison, PF",OKC,81,16.7,2.08,3.64,5.72,6.90
47,"Manu Ginobili, SG",SA,68,22.8,5.07,0.35,5.42,7.68
48,"Tim Duncan, C",SA,74,29.2,-0.05,5.38,5.33,10.39
49,"LaMarcus Aldridge, PF",POR,69,36.2,1.89,3.23,5.12,11.64
50,"Channing Frye, PF",PHX,82,28.2,3.92,1.17,5.09,10.83
51,"Kevin Love, PF",MIN,77,36.3,3.52,1.54,5.06,13.52
52,"Russell Westbrook, PG",OKC,46,30.7,4.82,0.23,5.05,6.89
53,"Mike Conley, PG",MEM,73,33.5,4.28,0.42,4.70,10.24
54,"Blake Griffin, PF",LAC,80,35.8,2.65,2.00,4.65,12.79
55,"Amir Johnson, PF",TOR,77,28.8,1.47,3.14,4.61,9.22
56,"Joakim Noah, C",CHI,80,35.3,0.65,3.92,4.57,11.30
57,"Vince Carter, SG",DAL,81,24.4,2.02,2.46,4.48,8.35
58,"Serge Ibaka, PF",OKC,81,32.9,1.23,3.23,4.46,11.63
59,"Patrick Beverley, PG",HOU,56,31.3,2.98,1.29,4.27,7.27
60,"Kyle Lowry, PG",TOR,79,36.2,3.84,0.41,4.25,11.56
61,"Dwight Howard, C",HOU,71,33.7,-0.67,4.91,4.24,9.86
62,"Taj Gibson, PF",CHI,82,28.7,0.56,3.64,4.20,8.84
63,"Marcin Gortat, C",WSH,81,32.8,0.12,4.00,4.12,10.37
64,"Eric Bledsoe, PG",PHX,43,32.9,0.11,3.97,4.08,5.79
65,"Anderson Varejao, C",CLE,65,27.7,0.47,3.59,4.06,6.88
66,"Chris Andersen, PF",MIA,72,19.4,0.19,3.81,4.00,5.17
67,"Patty Mills, PG",SA,81,18.9,3.42,0.58,4.00,6.07
68,"Ricky Rubio, PG",MIN,82,32.2,1.43,2.47,3.90,10.76
69,"Kevin Garnett, PF",BKN,54,20.5,-2.78,6.60,3.82,4.02
70,"Tyson Chandler, C",NY,55,30.2,-0.08,3.75,3.67,5.80
71,"David West, PF",IND,80,30.9,1.23,2.37,3.60,8.87
72,"Marc Gasol, C",MEM,59,33.4,-1.64,5.23,3.59,6.87
73,"DeAndre Jordan, C",LAC,82,35.0,0.19,3.37,3.56,10.85
74,"Tiago Splitter, C",SA,59,21.5,-1.01,4.53,3.52,4.70
75,"Danny Green, SG",SA,68,24.3,0.79,2.72,3.51,6.13
76,"Nikola Pekovic, C",MIN,54,30.8,1.31,2.19,3.50,6.37
77,"Draymond Green, PF",GS,82,21.9,-0.49,3.99,3.50,6.54
78,"Goran Dragic, PG",PHX,76,35.1,4.57,-1.14,3.43,9.73
79,"Ty Lawson, PG",DEN,62,35.8,4.38,-1.08,3.30,8.32
80,"Kyle Korver, SG",ATL,71,33.9,2.53,0.73,3.26,8.35
81,"DeMarre Carroll, SF",ATL,73,32.1,1.29,1.92,3.21,8.10
82,"Deron Williams, PG",BKN,64,32.2,4.87,-1.67,3.20,6.89
83,"Chris Bosh, PF",MIA,79,32.0,0.14,3.04,3.18,8.41
84,"James Harden, PG",HOU,73,38.0,5.97,-2.84,3.13,9.67
85,"Mike Dunleavy, SG",CHI,82,31.5,1.16,1.91,3.07,8.22
86,"Kawhi Leonard, SF",SA,66,29.1,0.89,2.13,3.02,6.56
87,"Luol Deng, SF",CHI/CLE,63,35.1,1.15,1.82,2.97,7.00
88,"Omer Asik, C",HOU,48,20.2,-2.04,4.87,2.83,3.26
89,"Damian Lillard, PG",POR,82,35.8,4.74,-1.95,2.79,9.40
90,"Matt Bonner, C",SA,61,11.3,2.16,0.61,2.77,2.16
91,"Joe Johnson, SG",BKN,79,32.6,3.55,-0.80,2.75,7.80
92,"Carmelo Anthony, PF",NY,77,38.7,3.77,-1.02,2.75,8.93
93,"Paul George, SF",IND,80,36.2,0.16,2.58,2.74,8.88
94,"Tony Parker, PG",SA,68,29.4,3.11,-0.40,2.71,6.40
95,"Pablo Prigioni, PG",NY,66,19.4,1.73,0.81,2.54,3.61
96,"Paul Pierce, SF",BKN,75,28.0,-0.63,3.13,2.50,6.10
97,"George Hill, PG",IND,76,32.0,1.93,0.56,2.49,7.03
98,"Robin Lopez, C",POR,82,31.8,-0.33,2.76,2.43,7.69
99,"Jrue Holiday, PG",NO,34,33.6,0.41,2.00,2.41,3.33
100,"Matt Barnes, SF",LAC,63,27.5,1.95,0.39,2.34,5.24
101,"Tony Allen, SG",MEM,55,23.2,-0.41,2.74,2.33,3.61
102,"Isaiah Thomas, PG",SAC,72,34.7,3.85,-1.62,2.23,7.20
103,"Kobe Bryant, SF",LAL,6,29.5,3.87,-1.65,2.22,0.52
104,"John Wall, PG",WSH,82,36.3,2.66,-0.44,2.22,8.30
105,"Brook Lopez, C",BKN,17,31.4,0.43,1.78,2.21,1.46
106,"Al Jefferson, C",CHA,73,35.0,1.12,1.02,2.14,6.84
107,"Nene Hilario, C",WSH,53,29.4,-1.99,4.12,2.13,4.31
108,"Jimmy Butler, SG",CHI,67,38.7,0.90,1.23,2.13,6.77
109,"Paul Millsap, PF",ATL,74,33.5,0.04,2.06,2.10,6.84
110,"Andre Miller, PG",DEN/WSH,58,16.9,1.85,0.24,2.09,2.59
111,"Zach Randolph, PF",MEM,79,34.2,1.06,1.03,2.09,7.09
112,"Anthony Tolliver, PF",CHA,64,20.3,-0.12,2.21,2.09,3.54
113,"Andrew Bogut, C",GS,67,26.4,-3.10,5.16,2.06,5.03
114,"Klay Thompson, SG",GS,81,35.4,2.20,-0.17,2.03,7.91
115,"Avery Bradley, SG",BOS,60,30.9,0.76,1.22,1.98,5.05
116,"Chandler Parsons, SF",HOU,74,37.6,1.37,0.59,1.96,7.59
117,"Boris Diaw, C",SA,79,25.0,0.61,1.34,1.95,5.38
118,"Dwyane Wade, SG",MIA,54,32.9,1.19,0.73,1.92,4.66
119,"Danny Granger, SF",IND/LAC,41,20.7,0.61,1.30,1.91,2.27
120,"Jae Crowder, PF",DAL,78,16.1,0.10,1.81,1.91,3.31
121,"Larry Sanders, PF",MIL,23,25.4,-4.46,6.29,1.83,1.50
122,"Greg Monroe, C",DET,82,32.8,0.95,0.87,1.82,7.07
123,"Roy Hibbert, C",IND,81,29.7,-1.44,3.22,1.78,5.93
124,"Mario Chalmers, PG",MIA,73,29.8,0.94,0.82,1.76,5.41
125,"Derrick Rose, PG",CHI,10,31.1,2.67,-0.91,1.76,0.71
126,"Steve Novak, SF",TOR,54,10.0,2.01,-0.26,1.75,1.34
127,"Jason Thompson, PF",SAC,82,24.5,0.29,1.46,1.75,5.14
128,"Matthew Dellavedova, PG",CLE,72,17.7,1.57,0.15,1.72,3.18
129,"Thaddeus Young, PF",PHI,79,34.4,0.85,0.85,1.70,7.19
130,"Reggie Jackson, PG",OKC,80,28.5,1.04,0.66,1.70,5.84
131,"Devin Harris, PG",DAL,40,20.5,2.03,-0.34,1.69,2.01
132,"Kemba Walker, PG",CHA,73,35.8,0.79,0.79,1.58,6.12
133,"Rudy Gay, SF",SAC/TOR,73,34.7,0.68,0.85,1.53,6.07
134,"Patrick Patterson, PF",SAC/TOR,65,23.6,0.42,1.11,1.53,3.61
135,"Al Horford, PF",ATL,29,33.0,-0.69,2.19,1.50,2.29
136,"Pero Antic, PF",ATL,50,18.5,-0.89,2.39,1.50,2.21
137,"Anthony Davis, PF",NO,67,35.2,0.65,0.78,1.43,5.46
138,"Josh Smith, PF",DET,77,35.5,-0.38,1.78,1.40,6.46
139,"Monta Ellis, SG",DAL,82,36.9,2.92,-1.52,1.40,7.04
140,"Iman Shumpert, SG",NY,74,26.5,-0.63,2.00,1.37,4.26
141,"Jared Sullinger, C",BOS,74,27.6,-0.25,1.58,1.33,4.69
142,"Michael Kidd-Gilchrist, SF",CHA,62,24.2,-0.78,2.07,1.29,3.26
143,"David Lee, PF",GS,69,33.2,-0.13,1.35,1.22,5.24
144,"Brandan Wright, PF",DAL,58,18.6,1.62,-0.43,1.19,2.29
145,"Ryan Anderson, PF",NO,22,36.1,3.04,-1.87,1.17,1.69
146,"Greivis Vasquez, PG",SAC/TOR,79,22.5,1.41,-0.25,1.16,3.70
147,"Corey Brewer, SF",MIN,81,32.2,2.03,-0.89,1.14,6.03
148,"Shane Battier, SF",MIA,73,20.1,-0.20,1.32,1.12,3.12
149,"CJ Miles, SF",CLE,51,19.3,0.89,0.21,1.10,2.12
150,"Josh Harrellson, C",DET,32,9.9,-2.31,3.39,1.08,0.68
151,"JR Smith, SG",NY,74,32.7,1.82,-0.75,1.07,4.82
152,"Al-Farouq Aminu, PF",NO,80,25.6,-1.01,2.07,1.06,4.25
153,"Pau Gasol, C",LAL,60,31.4,-0.16,1.20,1.04,4.24
154,"Lance Stephenson, SG",IND,78,35.3,0.90,0.14,1.04,5.66
155,"Kosta Koufos, C",MEM,80,16.9,-1.67,2.67,1.00,2.71
156,"Andrei Kirilenko, SF",BKN,45,19.0,-0.20,1.18,0.98,1.73
157,"Kenyon Martin, PF",NY,32,19.8,-2.86,3.83,0.97,1.24
158,"Trevor Ariza, SF",WSH,77,35.4,-0.10,1.04,0.94,5.47
159,"Ryan Kelly, PF",LAL,59,22.2,1.95,-1.01,0.94,2.86
160,"Jeff Withey, C",NO,58,11.8,-0.79,1.70,0.91,1.37
161,"Jameer Nelson, PG",ORL,68,32.0,2.78,-1.89,0.89,4.29
162,"Raymond Felton, PG",NY,65,31.0,2.13,-1.24,0.89,3.85
163,"Landry Fields, SG",TOR,30,10.7,-0.60,1.47,0.87,0.63
164,"Kyle O'Quinn, C",ORL,69,17.2,-0.58,1.44,0.86,2.36
165,"Shavlik Randolph, PF",PHX,14,6.8,-0.48,1.31,0.83,0.19
166,"DeMarcus Cousins, C",SAC,71,32.4,-1.10,1.86,0.76,4.45
167,"Derek Fisher, PG",OKC,81,17.6,-1.21,1.95,0.74,2.76
168,"Nikola Vucevic, C",ORL,57,31.8,-1.67,2.40,0.73,3.43
169,"Robbie Hummel, SF",MIN,53,12.4,0.13,0.53,0.66,1.23
170,"Thabo Sefolosha, SF",OKC,61,26.0,-1.32,1.95,0.63,3.03
171,"Josh McRoberts, PF",CHA,78,30.3,0.03,0.59,0.62,4.12
172,"Chuck Hayes, PF",SAC/TOR,61,12.3,-1.84,2.44,0.60,1.36
173,"Gordon Hayward, SF",UTAH,77,36.4,2.17,-1.59,0.58,4.99
174,"Andre Drummond, C",DET,81,32.3,0.58,-0.06,0.52,4.71
175,"JJ Redick, SF",LAC,35,28.2,3.37,-2.86,0.51,1.81
176,"Gustavo Ayon, PF",ATL,26,16.5,-1.96,2.46,0.50,0.73
177,"Nicolas Batum, SG",POR,82,36.0,1.43,-0.95,0.48,5.20
178,"Darius Miller, SF",NO,45,16.1,-1.02,1.45,0.43,1.22
179,"Steve Nash, PG",LAL,15,20.9,1.58,-1.20,0.38,0.58
180,"Gerald Wallace, SF",BOS,58,24.4,-2.02,2.39,0.37,2.39
181,"Ryan Hollins, C",LAC,61,7.9,-3.62,3.91,0.29,0.81
182,"Zaza Pachulia, C",MIL,53,25.0,-1.45,1.71,0.26,2.12
183,"Wesley Matthews, SG",POR,82,33.9,1.26,-1.08,0.18,4.35
184,"Timofey Mozgov, C",DEN,82,21.6,-1.18,1.35,0.17,2.92
185,"Kenneth Faried, PF",DEN,80,27.2,1.34,-1.17,0.17,3.58
186,"Chris Kaman, C",LAL,39,18.9,-2.41,2.57,0.16,1.23
187,"Nate Robinson, PG",DEN,44,19.7,2.00,-1.89,0.11,1.34
188,"Jeremy Lin, PG",HOU,71,28.9,-0.19,0.28,0.09,3.20
189,"Ekpe Udoh, C",MIL,42,19.1,-2.77,2.83,0.06,1.16
190,"Nate Wolters, PG",MIL,58,22.6,-1.53,1.57,0.04,1.92
191,"Markieff Morris, PF",PHX,81,26.6,0.53,-0.55,-0.02,3.20
192,"Marvin Williams, PF",UTAH,66,25.4,-0.32,0.25,-0.07,2.31
193,"Darrell Arthur, PF",DEN,68,17.1,-2.47,2.40,-0.07,1.72
194,"Dion Waiters, SG",CLE,70,29.6,1.38,-1.45,-0.07,2.87
195,"A.J. Price, PG",MIN,28,3.5,0.03,-0.12,-0.09,0.14
196,"Brandon Davies, PF",PHI,51,11.3,-0.96,0.80,-0.16,0.81
197,"DeMar DeRozan, SG",TOR,79,38.2,0.45,-0.62,-0.17,3.92
198,"PJ Tucker, SF",PHX,81,30.7,-0.25,0.05,-0.20,3.41
199,"Andray Blatche, C",BKN,73,22.2,-0.63,0.42,-0.21,2.11
200,"Alec Burks, SG",UTAH,78,28.1,1.43,-1.68,-0.25,2.82
201,"Aron Baynes, C",SA,53,9.3,-1.56,1.30,-0.26,0.65
202,"James Jones, SG",MIA,20,11.8,-0.84,0.55,-0.29,0.28
203,"Courtney Lee, SG",BOS/MEM,79,25.0,0.51,-0.80,-0.29,2.41
204,"Marcus Morris, PF",PHX,82,22.0,0.49,-0.78,-0.29,2.34
205,"Ersan Ilyasova, PF",MIL,55,26.9,-0.25,-0.07,-0.32,1.83
206,"Jeff Ayres, PF",SA,73,13.0,-1.01,0.69,-0.32,1.23
207,"Andrew Bynum, C",CLE/IND,26,19.8,-2.89,2.55,-0.34,0.65
208,"Shelvin Mack, PG",ATL,73,20.4,0.86,-1.20,-0.34,1.84
209,"Jason Smith, PF",NO,31,26.8,-1.72,1.36,-0.36,1.00
210,"Evan Fournier, SF",DEN,76,19.8,-0.73,0.37,-0.36,1.97
211,"Samuel Dalembert, C",DAL,80,20.2,-3.48,3.10,-0.38,1.97
212,"Wilson Chandler, SF",DEN,62,31.1,-0.45,0.06,-0.39,2.46
213,"Jodie Meeks, SG",LAL,77,33.2,1.53,-1.94,-0.41,3.28
214,"Joel Anthony, PF",BOS/MIA,33,5.6,-2.34,1.85,-0.49,0.22
215,"Chris Douglas-Roberts, SG",CHA,49,20.7,-0.70,0.19,-0.51,1.08
216,"Bradley Beal, SG",WSH,73,34.7,-0.61,0.08,-0.53,2.76
217,"Hedo Turkoglu, SF",LAC,38,10.3,-0.99,0.45,-0.54,0.45
218,"Kirk Hinrich, SG",CHI,73,29.0,-1.52,0.98,-0.54,2.22
219,"Luc Mbah a Moute, PF",MIN/SAC,64,15.7,-1.81,1.25,-0.56,1.11
220,"Victor Oladipo, SG",ORL,80,31.1,-1.53,0.97,-0.56,2.73
221,"Tyler Zeller, C",CLE,70,15.0,-2.06,1.49,-0.57,1.16
222,"Ray Allen, SG",MIA,73,26.5,2.38,-2.96,-0.58,2.02
223,"Jared Dudley, SF",LAC,74,23.4,-0.74,0.15,-0.59,1.93
224,"Shaun Livingston, PG",BKN,76,26.0,-0.11,-0.49,-0.60,2.05
225,"Nick Calathes, SG",MEM,71,16.5,-0.71,0.11,-0.60,1.22
226,"Jamal Crawford, SG",LAC,69,30.3,1.75,-2.38,-0.63,2.30
227,"Chase Budinger, SF",MIN,41,18.3,0.21,-0.84,-0.63,0.80
228,"Al Harrington, PF",WSH,34,15.0,-0.77,0.13,-0.64,0.53
229,"Alexey Shved, PG",MIN,63,10.5,-0.23,-0.47,-0.70,0.68
230,"Luigi Datome, SF",DET,34,7.0,-0.87,0.14,-0.73,0.24
231,"Kevin Martin, SG",MIN,68,32.0,1.25,-2.00,-0.75,2.28
232,"Quincy Pondexter, SG",MEM,15,18.0,0.04,-0.80,-0.76,0.26
233,"Jason Maxiell, PF",ORL,34,14.4,-3.25,2.48,-0.77,0.48
234,"Toure' Murry, SF",NY,51,7.3,-0.66,-0.11,-0.77,0.37
235,"C.J. Watson, PG",IND,63,18.9,0.15,-0.93,-0.78,1.17
236,"Luke Babbitt, SF",NO,27,17.5,1.01,-1.83,-0.82,0.43
237,"Kentavious Caldwell-Pope, SG",DET,80,19.8,-1.80,0.98,-0.82,1.55
238,"Donatas Motiejunas, PF",HOU,62,15.4,-1.37,0.53,-0.84,0.94
239,"Martell Webster, SF",WSH,78,27.7,1.97,-2.86,-0.89,1.88
240,"Rajon Rondo, PG",BOS,30,33.3,0.99,-1.92,-0.93,0.89
241,"Derrick Favors, PF",UTAH,73,30.2,-2.54,1.61,-0.93,1.90
242,"CJ McCollum, SG",POR,38,12.5,-0.14,-0.79,-0.93,0.41
243,"Kyle Singler, SF",DET,82,28.5,-0.83,-0.14,-0.97,2.03
244,"Glen Davis, PF",LAC/ORL,68,24.4,-3.22,2.22,-1.00,1.35
245,"Troy Daniels, SG",HOU,5,15.0,0.51,-1.51,-1.00,0.06
246,"Nick Young, SG",LAL,64,28.3,0.91,-1.92,-1.01,1.57
247,"Beno Udrih, PG",NY/MEM,41,15.7,0.42,-1.45,-1.03,0.52
248,"Shawn Marion, SG",DAL,76,31.7,-1.72,0.67,-1.05,1.94
249,"Lavoy Allen, PF",IND/PHI,65,16.5,-3.07,2.02,-1.05,0.91
250,"Jeff Teague, PG",ATL,79,32.2,-0.22,-0.84,-1.06,2.05
251,"Greg Smith, PF",HOU,11,9.1,-0.94,-0.14,-1.08,0.08
252,"Tayshaun Prince, SF",MEM,76,25.6,-1.46,0.35,-1.11,1.42
253,"Elton Brand, PF",ATL,73,19.4,-2.84,1.72,-1.12,1.09
254,"Dante Cunningham, SF",MIN,81,20.2,-1.28,0.14,-1.14,1.24
255,"Giannis Antetokounmpo, PF",MIL,77,24.6,0.66,-1.80,-1.14,1.40
256,"Hasheem Thabeet, C",OKC,23,8.3,-4.74,3.58,-1.16,0.15
257,"Chris Copeland, SF",IND,41,6.5,0.76,-1.93,-1.17,0.18
258,"Ian Mahinmi, C",IND,77,16.2,-4.93,3.75,-1.18,0.89
259,"Malcolm Thomas, PF",SA/UTAH,8,7.9,-0.98,-0.22,-1.20,0.04
260,"Andre Roberson, SG",OKC,40,10.0,-1.56,0.34,-1.22,0.29
261,"Trey Burke, PG",UTAH,70,32.3,2.02,-3.25,-1.23,1.54
262,"Robert Covington, SF",HOU,7,4.9,-1.35,0.11,-1.24,0.02
263,"Cole Aldrich, C",NY,46,7.2,-2.06,0.80,-1.26,0.22
264,"Randy Foye, SG",DEN,81,30.7,-0.05,-1.22,-1.27,1.76
265,"Chris Johnson, SG",BOS,40,19.7,-0.08,-1.19,-1.27,0.53
266,"Jeremy Lamb, SG",OKC,78,19.7,-0.33,-0.97,-1.30,1.01
267,"Kelly Olynyk, C",BOS,70,20.0,0.38,-1.71,-1.33,0.90
268,"Henry Sims, C",CLE/PHI,46,19.0,-2.41,1.05,-1.36,0.55
269,"Ronny Turiaf, C",MIN,31,19.5,-4.10,2.72,-1.38,0.37
270,"Kyrie Irving, PG",CLE,71,35.2,1.98,-3.38,-1.40,1.45
271,"Terrence Jones, PF",HOU,76,27.3,0.49,-1.90,-1.41,1.23
272,"Jeff Adrien, SF",MIL/CHA,53,18.1,-0.99,-0.43,-1.42,0.55
273,"Wayne Ellington, SG",DAL,45,8.7,0.15,-1.58,-1.43,0.23
274,"Terrence Ross, SG",TOR,81,26.7,0.95,-2.38,-1.43,1.22
275,"Mike Miller, SG",MEM,82,20.8,1.59,-3.03,-1.44,0.93
276,"Anthony Morrow, SG",NO,76,18.8,0.34,-1.81,-1.47,0.75
277,"Toney Douglas, PG",GS/MIA,51,13.2,0.32,-1.80,-1.48,0.36
278,"Allen Crabbe, SG",POR,15,6.7,-0.44,-1.04,-1.48,0.05
279,"Rodney Stuckey, PG",DET,73,26.7,1.73,-3.24,-1.51,1.02
280,"Leandro Barbosa, SG",PHX,20,18.4,-0.32,-1.20,-1.52,0.19
281,"Gerald Green, SG",PHX,82,28.4,-0.43,-1.11,-1.54,1.20
282,"Solomon Hill, SF",IND,28,8.1,-0.71,-0.84,-1.55,0.10
283,"James Johnson, PF",MEM,52,18.4,-2.12,0.54,-1.58,0.44
284,"Garrett Temple, SG",WSH,75,8.5,-1.49,-0.13,-1.62,0.28
285,"Jason Collins, C",BKN,22,7.8,-3.59,1.93,-1.66,0.08
286,"Steve Blake, PG",GS/LAL,55,27.2,-1.31,-0.35,-1.66,0.67
287,"Kendall Marshall, PG",LAL,54,29.0,0.49,-2.16,-1.67,0.70
288,"Kris Humphries, PF",BOS,69,19.9,-2.32,0.64,-1.68,0.57
289,"Jose Calderon, PG",DAL,81,30.5,1.87,-3.56,-1.69,1.02
290,"Damion James, SF",SA,5,10.0,-2.48,0.78,-1.70,0.02
291,"Darren Collison, PG",LAC,80,25.9,1.51,-3.23,-1.72,0.82
292,"Miles Plumlee, C",PHX,80,24.6,-3.32,1.55,-1.77,0.72
293,"Jarvis Varnado, PF",CHI/PHI,24,14.1,-2.61,0.83,-1.78,0.13
294,"Casper Ware, PG",PHI,9,12.9,-0.84,-0.95,-1.79,0.04
295,"Quincy Miller, SF",DEN,52,15.2,-0.54,-1.26,-1.80,0.29
296,"Ian Clark, SG",UTAH,23,7.5,-1.67,-0.13,-1.80,0.06
297,"Spencer Hawes, PF",CLE/PHI,80,30.9,-2.24,0.39,-1.85,0.79
298,"Dwight Buycks, PG",TOR,14,10.4,-1.18,-0.67,-1.85,0.04
299,"DeJuan Blair, C",DAL,78,15.6,-2.09,0.20,-1.89,0.35
300,"Xavier Henry, SG",LAL,43,21.1,-1.92,0.03,-1.89,0.28
301,"Perry Jones, SF",OKC,62,12.3,-1.36,-0.55,-1.91,0.21
302,"Brandon Bass, PF",BOS,82,27.6,-1.49,-0.43,-1.92,0.61
303,"Glen Rice Jr., SG",WSH,11,9.9,-2.45,0.53,-1.92,0.03
304,"Ray McCallum, PG",SAC,45,19.9,0.40,-2.32,-1.92,0.23
305,"Tornike Shengelia, SF",CHI/BKN,26,6.0,-1.35,-0.59,-1.94,0.04
306,"Joel Freeland, C",POR,52,14.0,-3.00,1.03,-1.97,0.17
307,"Alexis Ajinca, C",NO,56,17.0,-2.89,0.92,-1.97,0.22
308,"Tobias Harris, SF",ORL,61,30.3,-0.94,-1.03,-1.97,0.42
309,"John Salmons, SF",SAC/TOR,78,22.1,-1.74,-0.25,-1.99,0.37
310,"Jonas Jerebko, PF",DET,64,11.6,-1.97,-0.02,-1.99,0.17
311,"Ricky Ledo, SG",DAL,11,3.0,-1.36,-0.64,-2.00,0.01
312,"Jermaine O'Neal, C",GS,44,20.1,-4.30,2.29,-2.01,0.18
313,"Drew Gooden, PF",WSH,22,18.0,-0.55,-1.47,-2.02,0.07
314,"Lou Williams, SG",ATL,60,24.1,1.70,-3.73,-2.03,0.28
315,"Royce White, PF",SAC,3,3.0,-2.03,0.00,-2.03,0.00
316,"Mirza Teletovic, PF",BKN,72,19.4,0.04,-2.08,-2.04,0.27
317,"Francisco Garcia, SG",HOU,55,19.7,-2.52,0.46,-2.06,0.20
318,"Tristan Thompson, C",CLE,82,31.6,-0.76,-1.30,-2.06,0.46
319,"Josh Powell, PF",HOU,1,19.0,-2.06,-0.02,-2.08,0.00
320,"Ramon Sessions, PG",MIL/CHA,83,26.7,0.90,-2.98,-2.08,0.37
321,"James Anderson, SG",PHI,80,28.9,-0.93,-1.15,-2.08,0.41
322,"Carrick Felix, SG",CLE,7,5.4,-1.26,-0.82,-2.08,0.01
323,"Justin Hamilton, C",MIA/CHA,8,9.0,-1.89,-0.22,-2.11,0.01
324,"Victor Claver, PF",POR,21,8.8,-1.99,-0.13,-2.12,0.02
325,"Greg Stiemsma, C",NO,55,18.3,-5.84,3.71,-2.13,0.13
326,"Rashard Lewis, PF",MIA,60,16.2,-1.89,-0.29,-2.18,0.10
327,"Tony Mitchell, PF",DET,21,3.8,-1.62,-0.58,-2.20,0.00
328,"Dorell Wright, SF",POR,68,14.5,-1.14,-1.09,-2.23,0.07
329,"Jon Leuer, PF",MEM,49,13.1,-1.15,-1.08,-2.23,0.05
330,"Scotty Hopson, SG",CLE,2,3.5,-1.55,-0.68,-2.23,0.00
331,"Quincy Acy, SF",SAC/TOR,63,13.4,-0.80,-1.44,-2.24,0.06
332,"Earl Watson, PG",POR,24,6.7,-1.98,-0.27,-2.25,0.01
333,"Cody Zeller, C",CHA,82,17.3,-3.04,0.79,-2.25,0.09
334,"Jamaal Franklin, SG",MEM,21,7.7,-1.45,-0.81,-2.26,0.01
335,"Rudy Gobert, C",UTAH,45,9.6,-4.05,1.79,-2.26,0.02
336,"Jeremy Evans, SF",UTAH,66,18.3,-2.78,0.50,-2.28,0.05
337,"Khris Middleton, SF",MIL,82,30.0,1.22,-3.50,-2.28,0.10
338,"Marcus Thornton, SG",BKN/SAC,72,24.2,0.05,-2.34,-2.29,0.06
339,"Phil Pressey, PG",BOS,75,15.1,-1.12,-1.17,-2.29,0.04
340,"Seth Curry, SG",CLE/MEM,2,6.5,-1.26,-1.04,-2.30,0.00
341,"D.J. Stephens, SG",MIL,3,5.0,-1.51,-0.79,-2.30,0.00
342,"Omri Casspi, SF",HOU,71,18.1,-2.64,0.33,-2.31,0.03
343,"Austin Daye, SF",SA/TOR,22,6.7,-1.94,-0.37,-2.31,0.00
344,"Carl Landry, PF",SAC,18,12.9,-1.23,-1.11,-2.34,0.00
345,"Chauncey Billups, PG",DET,19,16.3,-0.62,-1.76,-2.38,-0.01
346,"Alan Anderson, SG",BKN,78,22.7,-1.16,-1.22,-2.38,-0.03
347,"Charlie Villanueva, PF",DET,20,9.0,-1.46,-0.93,-2.39,0.00
348,"Ish Smith, PG",PHX,70,14.4,-3.32,0.92,-2.40,-0.03
349,"Willie Green, SG",LAC,55,15.8,-1.30,-1.11,-2.41,-0.03
350,"Jeff Green, SF",BOS,82,34.2,-2.14,-0.27,-2.41,-0.11
351,"Melvin Ely, C",NO,2,13.5,-1.81,-0.63,-2.44,0.00
352,"Reggie Evans, C",BKN/SAC,54,16.6,-2.59,0.15,-2.44,-0.05
353,"Austin Rivers, PG",NO,69,19.4,0.56,-3.03,-2.47,-0.10
354,"Robert Sacre, C",LAL,65,16.8,-2.56,0.06,-2.50,-0.11
355,"Shane Larkin, PG",DAL,48,10.2,-1.45,-1.08,-2.53,-0.05
356,"Andris Biedrins, C",UTAH,6,7.5,-5.11,2.56,-2.55,-0.01
357,"Mustafa Shakur, PG",OKC,3,3.7,-1.63,-0.92,-2.55,0.00
358,"Dewayne Dedmon, C",GS/ORL/PHI,31,12.6,-2.87,0.32,-2.55,-0.05
359,"Ed Davis, PF",MEM,63,15.2,-3.95,1.38,-2.57,-0.13
360,"Gerald Henderson, SG",CHA,77,32.0,-1.66,-0.96,-2.62,-0.39
361,"James Nunnally, SF",ATL/PHI,13,12.7,-2.36,-0.33,-2.69,-0.04
362,"Jonas Valanciunas, C",TOR,81,28.2,-2.30,-0.40,-2.70,-0.48
363,"Reggie Bullock, SF",LAC,43,9.2,-3.18,0.46,-2.72,-0.09
364,"Mo Williams, PG",POR,74,24.8,0.21,-2.94,-2.73,-0.43
365,"Jordan Crawford, SG",BOS/GS,81,23.0,-0.24,-2.49,-2.73,-0.45
366,"Derrick Williams, PF",MIN/SAC,78,23.3,-2.05,-0.68,-2.73,-0.43
367,"Miroslav Raduljica, C",MIL,48,9.7,-2.47,-0.27,-2.74,-0.11
368,"Brandon Rush, SG",UTAH,38,11.0,-0.76,-2.02,-2.78,-0.11
369,"Dionte Christmas, SG",PHX,31,6.4,-1.31,-1.47,-2.78,-0.05
370,"Cartier Martin, PF",ATL/CHI,59,14.7,-2.28,-0.51,-2.79,-0.24
371,"Evan Turner, SG",IND/PHI,81,30.3,-1.51,-1.28,-2.79,-0.70
372,"Chris Babb, SG",BOS,14,9.4,-2.34,-0.46,-2.80,-0.04
373,"Julyan Stone, PG",TOR,21,5.7,-1.45,-1.37,-2.82,-0.03
374,"Jerryd Bayless, PG",BOS/MEM,72,23.4,0.84,-3.68,-2.84,-0.50
375,"O.J. Mayo, SG",MIL,52,25.9,-1.50,-1.35,-2.85,-0.41
376,"Ronnie Price, PG",ORL,31,12.2,-3.09,0.21,-2.88,-0.12
377,"Harrison Barnes, SF",GS,78,28.3,-2.40,-0.48,-2.88,-0.74
378,"Tyler Hansbrough, PF",TOR,64,15.3,-2.93,0.04,-2.89,-0.32
379,"Eric Gordon, SG",NO,64,32.1,1.85,-4.75,-2.90,-0.70
380,"Tyreke Evans, SG",NO,72,28.2,0.76,-3.72,-2.96,-0.75
381,"Bernard James, C",DAL,30,4.9,-3.15,0.19,-2.96,-0.06
382,"Jordan Farmar, PG",LAL,41,22.2,0.64,-3.63,-2.99,-0.38
383,"Luis Scola, PF",IND,82,17.1,-3.58,0.55,-3.03,-0.58
384,"Jordan Hamilton, SG",DEN/HOU,60,17.0,-1.81,-1.22,-3.03,-0.45
385,"Mason Plumlee, C",BKN,70,18.2,-1.42,-1.62,-3.04,-0.53
386,"Michael Carter-Williams, PG",PHI,70,34.5,-0.95,-2.10,-3.05,-1.11
387,"Norris Cole, PG",MIA,82,24.6,-1.32,-1.74,-3.06,-0.84
388,"Richard Jefferson, SF",UTAH,82,27.0,-1.93,-1.14,-3.07,-0.96
389,"Keith Bogans, SG",BOS,6,9.2,-2.24,-0.83,-3.07,-0.02
390,"Travis Outlaw, SF",SAC,63,16.9,-2.33,-0.76,-3.09,-0.49
391,"Kevin Seraphin, C",WSH,53,10.9,-4.77,1.68,-3.09,-0.26
392,"Nazr Mohammed, C",CHI,80,7.0,-4.80,1.68,-3.12,-0.24
393,"Aaron Brooks, PG",DEN/HOU,72,21.6,0.70,-3.84,-3.14,-0.79
394,"Marco Belinelli, SG",SA,80,25.2,0.46,-3.63,-3.17,-1.04
395,"Brandon Knight, PG",MIL,72,33.3,-1.20,-1.98,-3.18,-1.21
396,"Arron Afflalo, SG",ORL,73,35.0,-0.24,-2.95,-3.19,-1.30
397,"Jarrett Jack, PG",CLE,80,28.2,-1.59,-1.61,-3.20,-1.16
398,"J.J. Barea, PG",MIN,79,18.6,-1.90,-1.33,-3.23,-0.81
399,"Alex Len, C",PHX,42,8.6,-3.02,-0.23,-3.25,-0.21
400,"Jordan Hill, C",LAL,72,20.8,-2.82,-0.47,-3.29,-0.91
401,"Nando De Colo, PG",SA/TOR,47,10.5,-1.82,-1.50,-3.32,-0.29
402,"Trevor Booker, PF",WSH,72,21.6,-0.44,-2.90,-3.34,-0.92
403,"Chris Singleton, SF",WSH,25,10.0,-5.04,1.69,-3.35,-0.15
404,"Ognjen Kuzmic, C",GS,21,4.4,-2.57,-0.92,-3.49,-0.07
405,"Otto Porter Jr., SF",WSH,37,8.6,-2.69,-0.80,-3.49,-0.21
406,"Gorgui Dieng, C",MIN,60,13.6,-3.73,0.18,-3.55,-0.63
407,"Jorge Gutierrez, PG",BKN,15,16.3,-2.15,-1.42,-3.57,-0.18
408,"Steven Adams, C",OKC,81,14.8,-3.35,-0.30,-3.65,-0.99
409,"JaVale McGee, C",DEN,5,16.0,-3.16,-0.50,-3.66,-0.07
410,"Cory Joseph, PG",SA,68,13.8,-0.74,-2.94,-3.68,-0.78
411,"Hollis Thompson, SF",PHI,77,22.6,-0.22,-3.46,-3.68,-1.50
412,"Brian Roberts, PG",NO,72,23.2,-1.45,-2.33,-3.78,-1.45
413,"Andrew Nicholson, PF",ORL,76,15.4,-4.79,1.00,-3.79,-1.03
414,"Udonis Haslem, PF",MIA,46,14.2,-4.81,1.01,-3.80,-0.55
415,"Vitor Faverani, C",BOS,37,13.2,-4.32,0.50,-3.82,-0.44
416,"D.J. Augustin, PG",CHI/TOR,71,27.3,0.03,-3.88,-3.85,-1.70
417,"Aaron Gray, C",SAC/TOR,37,9.6,-4.35,0.46,-3.89,-0.33
418,"Thomas Robinson, PF",POR,70,12.5,-2.34,-1.55,-3.89,-0.82
419,"Doron Lamb, SG",ORL,53,13.1,-1.61,-2.29,-3.90,-0.65
420,"Peyton Siva, PG",DET,24,9.3,-1.41,-2.53,-3.94,-0.21
421,"Jannero Pargo, PG",CHA,29,8.3,-1.13,-2.84,-3.97,-0.24
422,"Brandon Jennings, PG",DET,80,34.1,0.39,-4.37,-3.98,-2.82
423,"Bismack Biyombo, C",CHA,77,13.9,-3.90,-0.11,-4.01,-1.06
424,"Luke Ridnour, PG",MIL/CHA,61,18.7,-1.26,-2.76,-4.02,-1.13
425,"Diante Garrett, PG",UTAH,71,14.8,-2.71,-1.41,-4.12,-1.12
426,"Carlos Boozer, PF",CHI,76,28.2,-4.11,-0.02,-4.13,-2.28
427,"John Lucas III, PG",UTAH,42,14.1,-2.38,-1.75,-4.13,-0.64
428,"Erik Jay Murphy, PF",CHI,24,2.6,-3.47,-0.66,-4.13,-0.07
429,"Arnett Moultrie, PF",PHI,12,15.6,-1.94,-2.21,-4.15,-0.23
430,"E'Twaun Moore, SG",ORL,79,19.1,-2.99,-1.21,-4.20,-1.71
431,"Rasual Butler, SF",IND,50,7.6,-2.30,-1.93,-4.23,-0.43
432,"Greg Oden, C",MIA,23,9.2,-3.60,-0.66,-4.26,-0.25
433,"Gal Mekel, PG",DAL,31,9.4,-1.67,-2.60,-4.27,-0.36
434,"Jan Vesely, PF",DEN/WSH,54,14.4,-4.44,0.14,-4.30,-0.95
435,"Kendrick Perkins, C",OKC,62,19.5,-7.25,2.94,-4.31,-1.51
436,"Isaiah Canaan, PG",HOU,22,11.5,-1.25,-3.06,-4.31,-0.33
437,"Wesley Johnson, SF",LAL,79,28.4,-3.54,-0.83,-4.37,-3.01
438,"Mike Muscala, PF",ATL,20,10.8,-3.20,-1.18,-4.38,-0.28
439,"Jeffery Taylor, SF",CHA,26,24.2,-3.58,-0.82,-4.40,-0.80
